Filename,MDVP:Fo(Hz),MDVP:Fhi(Hz),MDVP:Flo(Hz),MDVP:Jitter(%),MDVP:Jitter(Abs),MDVP:RAP,MDVP:PPQ,Jitter:DDP,MDVP:Shimmer,MDVP:Shimmer(dB),Shimmer:APQ3,Shimmer:APQ5,MDVP:APQ,Shimmer:DDA,NHR,HNR
AlexanderGómez_14-11-24-21_31_01.wav,156.25145621577613,167.7465379784651,135.2648020603671,0.005366925641098722,3.434705487559645e-05,0.0031725984099005918,0.0029010868949849436,0.009517795229701776,0.08236143798540542,0.7577522933751293,0.04439570958500341,0.05831743853320764,0.05338392982666483,0.13318712875501024,0.028628,17.064
AlexanderGómez_14-11-24-21_32_09.wav,154.19089035571602,160.24594558363623,138.00306146098464,0.004274469555576444,2.772530573527911e-05,0.002423545234707254,0.002411515460443344,0.007270635704121762,0.04204661470600538,0.3891155652751097,0.022667580308055955,0.02966768858629313,0.02906772968429414,0.06800274092416786,0.012274,20.464
AlexanderGómez_14-11-24-21_32_31.wav,152.75498632455583,173.34230242801684,71.37203065513728,0.007534380817536875,4.932693196532115e-05,0.004691829210163016,0.003920275777606227,0.014075487630489047,0.06158906827924478,0.5644331409911827,0.033166080536055256,0.0445340022285507,0.04047554909071743,0.09949824160816577,0.023968,17.402
AlexanderGómez_14-11-24-21_32_50.wav,170.18178418734715,174.9767951088239,163.53477732923167,0.00695140706754981,4.0846710318540045e-05,0.004298470693462664,0.0037802080112414923,0.01289541208038799,0.06808745521225981,0.648251557546415,0.03599204270840177,0.05154802023386642,0.04614895484099407,0.10797612812520531,0.023081,17.242
AlexanderGómez_14-11-24-21_33_09.wav,177.68084213077694,182.4207452117683,171.86853400038564,0.005705620089053313,3.2110995241214395e-05,0.0035487548036761594,0.003065328639840235,0.010646264411028478,0.08270264917626552,0.7626035291957517,0.0463550597632467,0.0555741539007348,0.05241792132265787,0.1390651792897401,0.019840,18.038
AlexanderGómez_14-11-24-21_33_27.wav,180.94010571359755,185.00774733608873,174.31194883760293,0.006082669495679889,3.361662794816857e-05,0.0037441985059981854,0.0033940915218696388,0.011232595517994557,0.0470116901321394,0.410013910284839,0.025130548039217673,0.03378646140564954,0.032272548177752415,0.07539164411765302,0.020484,18.062
AlexanderGómez_14-11-24-21_33_46.wav,187.6142233571896,191.4331941830509,182.94758617881584,0.00795131895291785,4.2382355388842434e-05,0.004868737461520274,0.004542934656810732,0.014606212384560821,0.09551455754672165,0.8951649055031891,0.04949634569800447,0.06776826984469737,0.05813973653622524,0.1484890370940134,0.035978,16.102
AlexanderGómez_14-11-24-21_34_04.wav,148.52245868056912,157.4153361963807,136.12498047909983,0.002728680367568256,1.837116685483313e-05,0.0015609270490181966,0.0015748239360339222,0.0046827811470545894,0.040357769090437694,0.35195140123480406,0.022791645777905534,0.02725469634799144,0.027181052652562324,0.0683749373337166,0.008263,22.181
AlexanderGómez_14-11-24-21_34_22.wav,180.3795839429405,188.39190311216947,173.27404979961247,0.00824319919917817,4.570251086812047e-05,0.0050281254825538906,0.004544169371260597,0.015084376447661672,0.057248045025727425,0.5006791513869546,0.033034837897728694,0.037097536764792174,0.03636165850929183,0.09910451369318608,0.023141,17.140
AlexanderGómez_14-11-24-21_34_40.wav,158.4937393196412,162.96210330166414,150.4941097800599,0.004726462380685013,2.982052839236865e-05,0.0027751203938747512,0.0028179041706334106,0.008325361181624254,0.03935679844608816,0.3599978592617318,0.022342377333971937,0.02505874486075092,0.026304936080336083,0.06702713200191582,0.028394,17.231
AlexanderGómez_14-11-24-21_34_58.wav,192.26442170949895,202.70939619461927,82.87507947608374,0.00687506921610004,3.5766198635520205e-05,0.004163563350144435,0.0037789492924427096,0.012490690050433304,0.043266872348452126,0.3958427205405413,0.023012501333233907,0.030231367163190054,0.02975929279394792,0.06903750399970172,0.023247,17.529
Cesar_22-10-24-05_05_12.wav,230.63224262114178,304.9308459728,75.41618755718086,0.06443795077957408,0.0002827003300897318,0.031599979319498504,0.04028752853060016,0.0947999379584955,0.14897028936431284,1.477263210478236,0.08727814251617201,0.1380164930951318,0.09638605230013929,0.26183442754851605,0.516032,3.792
CieloAlessandra_13-11-24-23_47_21.wav,255.90409738507927,294.0774315613064,107.55015261849368,0.005995712451238363,2.3425943255949216e-05,0.0037157186504572456,0.003049261085472985,0.011147155951371737,0.02657233075506669,0.25142340712862027,0.015185611068152706,0.016203986916307568,0.01833227488351261,0.045556833204458115,0.012967,21.445
Csar_12-10-24-21_28_42.wav,133.72533020671546,139.4809176866273,108.11487797843876,0.004354294626045147,3.255877744216556e-05,0.0023234624612556596,0.0025853227503358687,0.006970387383766979,0.021214739632307956,0.20910937085534326,0.011500702882362839,0.012959372706150503,0.01662901682232493,0.03450210864708852,0.013209,24.059
Daniel_13-10-24-19_58_36.wav,100.59310596877195,138.47674996658841,95.4688066877446,0.0034437359831036144,3.423932568482311e-05,0.0016808856550025897,0.001960080760954583,0.005042656965007769,0.029339650885494242,0.2539731986174916,0.01615801621587022,0.017788458650790148,0.022804347331549676,0.04847404864761065,0.021313,18.932
Daniel_24-10-24-03_28_51.wav,100.48807260599798,103.59164904412194,96.74445307368288,0.005090590114873733,5.065750676642711e-05,0.0029489141911077073,0.0028954319304760035,0.008846742573323123,0.02251593739584553,0.19537035605545675,0.011653742921721237,0.014142952710811051,0.019631250608682864,0.034961228765163714,0.025612,18.307
Daniel_28-10-24-01_27_43.wav,109.76017191508197,139.09273817854069,106.4648757608187,0.003723645179706716,3.391934906268137e-05,0.002023129965156363,0.0020417194026800902,0.006069389895469089,0.0266470710276928,0.23858039500552009,0.014434796202057164,0.01570569035030415,0.020003542673516412,0.043304388606171494,0.012591,21.380
Danitza_08-11-24-17_37_56.wav,195.62275908566878,225.55709644921095,88.34752592177912,0.005002335033402689,2.554849106643552e-05,0.0028468557524902486,0.0029962079111608567,0.008540567257470745,0.08328915320410048,0.7440649784593422,0.04463674713881078,0.05078987966132188,0.05152318857065829,0.13391024141643235,0.066367,15.336
Danitza_08-11-24-18_12_00.wav,207.0868622945543,231.26751915663178,57.500490879676875,0.006839413781681128,3.3019849917548344e-05,0.0035839049815013014,0.003483948030394282,0.010751714944503905,0.047191485421289744,0.5070515569656662,0.027394194201021068,0.0253534663112826,0.031979305204900436,0.0821825826030632,0.027126,19.070
Danitza_08-11-24-20_30_49.wav,209.80441283094703,272.5490824216504,87.14185628065452,0.009846438127295212,4.6905692287623175e-05,0.005506852003489912,0.005262862920739149,0.016520556010469735,0.07579779482037421,0.7012727053610155,0.037899252482432075,0.05199170181242804,0.06652374044249067,0.11369775744729622,0.087414,13.937
Danitza_09-11-24-03_50_15.wav,173.83609047665198,191.93354194802663,75.90932636311774,0.009206055546889552,5.30145810302617e-05,0.005258093899671305,0.005432444020535491,0.015774281699013914,0.0693615389629795,0.5607313541555116,0.03818003497959062,0.04237337857594777,0.052491665023932474,0.11454010493877186,0.069317,13.292
Danitza_09-11-24-16_14_07.wav,164.01030122886112,213.83765311066918,77.85660030728181,0.008194133406764875,4.996683914675153e-05,0.004523546555247369,0.004359960031927078,0.013570639665742106,0.04092687138265505,0.3754110199048025,0.021273094299405583,0.026532736783094757,0.032783819439532805,0.06381928289821676,0.050861,15.653
Eva_07-11-24-14_49_22.wav,213.57928887932707,220.8015871608323,205.9482058047328,0.0024556283994824346,1.1497683520899056e-05,0.001369824024021002,0.0013835975924942037,0.004109472072063006,0.015355016692814952,0.13377971529794855,0.007537094694850304,0.009778159702710242,0.014313768080559754,0.022611284084550914,0.006725,23.062
Eva_07-11-24-14_49_49.wav,219.47360492029782,225.5536473847694,213.80763244765788,0.0025755163153891748,1.1734948739293231e-05,0.0014668857871725032,0.0013696805703217283,0.004400657361517509,0.015056528571349745,0.13170873473265676,0.007442522222113054,0.009379706971799715,0.013912499529522412,0.02232756666633916,0.007184,23.554
Eva_07-11-24-14_50_10.wav,221.29925202463198,228.49186688009848,217.49361360259627,0.002556062659254928,1.1550258671417192e-05,0.0015000459280579057,0.0014474612290078246,0.004500137784173717,0.01762182951560008,0.15387018247924492,0.009451215024323003,0.011337794759818137,0.014285742588988107,0.02835364507296901,0.007744,22.208
Eva_07-11-24-14_50_38.wav,218.91730374717088,226.5850321373204,212.45225896217394,0.003307755413928029,1.5109854271978422e-05,0.0019852786906631266,0.0017582196574430662,0.00595583607198938,0.022431572754563697,0.19803049413463253,0.012250403812550078,0.013313290778247527,0.01797387255781993,0.036751211437650234,0.011382,20.835
Eva_07-11-24-14_51_17.wav,221.8249178827052,225.77612335557774,216.71086637554694,0.003774572844828757,1.7015579200594295e-05,0.002288681397762065,0.0020113932963476697,0.006866044193286194,0.01835224695813515,0.16091133965827426,0.009876007559564458,0.011024624199902869,0.01502316185410561,0.029628022678693376,0.012884,20.744
Eva_07-11-24-14_51_37.wav,230.5375632571724,235.09616954572837,223.6789612444273,0.00283987473487043,1.2318481228768793e-05,0.0017003749423815068,0.0015455482639846964,0.00510112482714452,0.016239015724360026,0.1412489586367417,0.008763466563224027,0.010251370767343079,0.013186325894794076,0.026290399689672082,0.008228,23.352
Eva_07-11-24-14_51_58.wav,200.32352920936458,235.94259189068603,97.45941241905449,0.0024268182067641577,1.2115619928104978e-05,0.00132935174377126,0.0012293796828959475,0.00398805523131378,0.017812188590521635,0.1558637522651104,0.009431302409817969,0.011264347669752909,0.015209608453267923,0.028293907229453907,0.010860,21.400
Eva_07-11-24-14_52_19.wav,221.61865252116777,228.19419091101838,215.1706367833446,0.0026048238750099218,1.1753635406448132e-05,0.001503602660614835,0.0013430056194903715,0.0045108079818445045,0.01590194017522996,0.13843138120391416,0.0077818452899282384,0.009954319650200797,0.014647266574468814,0.023345535869784717,0.008534,22.755
Eva_07-11-24-14_52_39.wav,214.62415805156007,223.11850134101653,208.6843897400428,0.002317342279980175,1.0797438265258701e-05,0.001324122397113396,0.00128105691538892,0.003972367191340188,0.023115184701118566,0.20285985182481203,0.012534777713579213,0.014111984145550397,0.01783488614372109,0.03760433314073764,0.008734,22.455
Eva_07-11-24-14_52_59.wav,248.74015238311188,252.75541472484775,239.41465748860367,0.0018782414011120762,7.550853798838892e-06,0.0010860134023058952,0.0011026870600699741,0.0032580402069176855,0.017192938935790603,0.1496862786490165,0.008631758976191289,0.011262022806522628,0.014826587110863976,0.025895276928573865,0.004848,25.205
Eva_08-11-24-11_06_21.wav,166.8405951778271,222.72937825051707,103.60121082093399,0.002237366005138974,1.3412022937051438e-05,0.0012728317557713356,0.0012644940719448515,0.0038184952673140067,0.01970644601320549,0.17472258675777885,0.010592703849975122,0.012584896513966997,0.016173731341314043,0.03177811154992537,0.007085,23.222
Eva_08-11-24-11_06_45.wav,101.17200757170836,189.0125269708446,77.73897558090067,0.0022876213883857464,2.264210762863336e-05,0.000969376337997332,0.0012424959434593566,0.002908129013991996,0.027657500853956248,0.38462761789587396,0.014653142244387888,0.01788872510971246,0.023085092932535505,0.043959426733163665,0.013319,20.258
Eva_08-11-24-11_07_09.wav,157.95587108063557,186.27203822553037,75.72011241868454,0.005360960024361037,3.3940224301318706e-05,0.00303662666223665,0.0023837735282009396,0.00910987998670995,0.024603948094940944,0.2298632093018429,0.013233840260734505,0.015346488443600334,0.020498512859640865,0.039701520782203514,0.014742,20.913
Eva_08-11-24-11_07_29.wav,162.7153087444886,189.86789782415272,87.9949717666178,0.0035107386885014184,2.1581168788491483e-05,0.002020380465049059,0.0018050753251123727,0.006061141395147178,0.02718552935422796,0.23912318233239513,0.015009935315950242,0.01644624277934272,0.021521322791122406,0.04502980594785073,0.010359,22.316
Eva_08-11-24-11_08_05.wav,155.64531188266298,172.2244931160211,135.16413786751212,0.003989449403086851,2.563166964293664e-05,0.0017512343537022454,0.0020507289169451885,0.005253703061106736,0.030688459903999973,0.2686863621734029,0.015099201065484843,0.019451057200915355,0.030202683008567325,0.045297603196454525,0.016310,19.783
Eva_08-11-24-11_08_33.wav,151.56235345926936,189.96965727252262,74.05442016980541,0.0035160714570732885,2.3212792847413093e-05,0.0020430824575236838,0.0017003269308303913,0.006129247372571051,0.019457423421214922,0.192179444695457,0.01041625639968483,0.01185631450800501,0.016300025403114003,0.03124876919905449,0.009266,22.732
Eva_08-11-24-11_09_44.wav,151.969785708408,179.21684765675545,77.21938378266519,0.004329713995022508,2.8496553682708978e-05,0.0022429955561897147,0.0019191059613891785,0.006728986668569144,0.026337585218705516,0.23492472396813,0.013575029269513202,0.016994840227811992,0.024568336682928012,0.0407250878085396,0.027768,17.785
Eva_08-11-24-11_10_16.wav,179.93078905428843,187.57787767226176,170.03365482669415,0.0020549975928843855,1.1421329843389257e-05,0.001186980032991793,0.001108768102866171,0.0035609400989753785,0.015143365132109525,0.13182495999647514,0.00780662231542286,0.00961303472891234,0.013180486005233026,0.02341986694626858,0.005852,24.560
Eva_08-11-24-11_11_17.wav,179.7101466913029,186.41092724952955,171.97989036032592,0.0023567680315220527,1.3113393963041134e-05,0.0012581370619844322,0.0012221776634833135,0.0037744111859532967,0.018685256381570703,0.1650072742398354,0.009388430055762923,0.011776632392887796,0.016492276800225407,0.02816529016728877,0.006108,23.972
Eva_08-11-24-11_12_06.wav,157.10503049961693,183.7622977539311,74.09403900580816,0.003921013571789155,2.495428015390777e-05,0.0020898927564610152,0.0020656340771206968,0.006269678269383046,0.02052180008523264,0.21286194815246356,0.010614121441751062,0.012994291819336827,0.01901152148845772,0.031842364325253183,0.018672,20.911
Eva_11-11-24-14_50_53.wav,189.7549562414072,213.51335658507787,92.3684147241617,0.0062165925792603775,3.2742347623943024e-05,0.003457091128445937,0.0032653381598768123,0.01037127338533781,0.054343882865787486,0.5132123109474379,0.02988740100892407,0.03399892554025652,0.040326691112862356,0.08966220302677222,0.062509,13.739
Eva_11-11-24-14_51_20.wav,193.0333797172726,198.20344124396453,187.26508465278786,0.0034916153059594934,1.8087774230681727e-05,0.0019061639438087727,0.001906561849484453,0.005718491831426318,0.02988375651494155,0.2612733433245475,0.015948921239787327,0.01894209584256942,0.025763570459865607,0.04784676371936198,0.021780,17.779
Eva_12-11-24-13_46_37.wav,170.8198068922796,186.10894967990643,163.89239385794502,0.0024184331244824623,1.4158099525347613e-05,0.001291032991757965,0.0013830825705880296,0.003873098975273895,0.01822548177622114,0.15841602579332037,0.008927920675162867,0.011218794592455276,0.016699384820030052,0.0267837620254886,0.007632,22.261
Eva_12-11-24-13_47_00.wav,179.313128163872,186.96563300785752,172.0647735017257,0.004754157201718492,2.6513864886883606e-05,0.002885342505707203,0.0026131474392292525,0.00865602751712161,0.022677363065454367,0.20064128969842013,0.012218254252715516,0.01417155209537955,0.01780486439838366,0.03665476275814655,0.016697,20.004
Eva_12-11-24-13_48_26.wav,189.10634455028202,192.61436637658832,184.73936380048315,0.0016829321963172097,8.899373661153716e-06,0.0009537570228145458,0.0009301832956607781,0.0028612710684436373,0.015331605762603472,0.13257736914547363,0.00805033650457434,0.00990308872589001,0.013057443280034525,0.024151009513723024,0.003677,25.826
Eva_12-11-24-13_49_05.wav,172.17250262745563,176.78590042011146,165.75984757461157,0.0034312211879817733,1.992926748180697e-05,0.002034428049044506,0.0017980807360474668,0.006103284147133518,0.02029321494664395,0.17760687219620935,0.011249419792706218,0.012507659111914433,0.0159623918445823,0.03374825937811866,0.010242,21.241
Eva_12-11-24-13_49_44.wav,179.90291123376545,184.42893524362867,145.09437248597436,0.0018927993235185662,1.0519610016793578e-05,0.0010060429774655958,0.0010585126580155571,0.0030181289323967875,0.014292925759117288,0.12457952569759977,0.007182167495247864,0.009283856193906937,0.012294497981868798,0.021546502485743593,0.007782,25.314
Eva_13-11-24-23_36_08.wav,143.34116281044373,151.03607653143283,137.46750888863087,0.004316497986488595,3.011450508247709e-05,0.002406046176412571,0.0022466974496302364,0.007218138529237713,0.022912180099146716,0.20374356469384863,0.011152090178594901,0.013663971615156032,0.022167924353043544,0.033456270535784705,0.022789,18.965
Eva_13-11-24-23_36_29.wav,149.22648950282084,177.90385842355468,65.73947100221473,0.005529603921757607,3.706682285316713e-05,0.002861918021610923,0.002372863146997358,0.008585754064832769,0.027222112922812437,0.2570898290205059,0.013799694123489966,0.016665787700572917,0.025499517313624487,0.041399082370469895,0.039243,17.433
Eva_26-10-24-22_38_37.wav,150.45379794286998,168.7163820391673,133.51754230893474,0.004135779080141385,2.7490693823808095e-05,0.002237740730649536,0.002329134370085649,0.006713222191948608,0.027004667148436547,0.2526154297639833,0.014117995878326793,0.01749684383174714,0.023323002162931733,0.042353987634980376,0.037825,16.527
Eva_26-10-24-22_39_00.wav,137.64131262481055,157.04071773346337,117.63546426297827,0.005218522820627184,3.791268268799014e-05,0.0026704332534663033,0.002753130715406805,0.00801129976039891,0.042821608537030695,0.3939387251089602,0.023170451308367836,0.02612889000589559,0.03327707757530602,0.0695113539251035,0.095939,13.633
Eva_27-10-24-13_38_22.wav,152.5542806651927,177.26385541736252,116.9508623037359,0.0031913641269107305,2.0927599103398714e-05,0.0014260912833685762,0.00158451657392681,0.004278273850105729,0.02166361996883929,0.19129212002861984,0.011035287059047313,0.01322195464784692,0.01916308951926307,0.03310586117714194,0.017841,19.588
Eva_27-10-24-13_38_42.wav,220.4694823257521,227.1917193076733,96.26113698683484,0.0052271130542728755,2.3712788730774567e-05,0.003130110080565116,0.0029319029441438483,0.009390330241695348,0.022040147545419022,0.262700369160889,0.01229334776227024,0.01404051531941758,0.016829071906333346,0.036880043286810715,0.014959,19.552
Eva_27-10-24-13_39_13.wav,216.8005322846091,222.01902369250843,178.2598036852766,0.005488964087141605,2.5318783062085288e-05,0.0033867409165643796,0.0033229909572548445,0.01016022274969314,0.02378665305072159,0.20737499679082086,0.013285732267224728,0.015166059574202553,0.017561495658710624,0.03985719680167418,0.020362,19.325
Eva_27-10-24-13_39_31.wav,209.2355899420703,215.89334954314097,76.00633285749797,0.002637000514447584,1.2611740652345456e-05,0.001519761960553355,0.0014694826515738138,0.004559285881660065,0.019282441487925336,0.1834042337700228,0.010086150233904568,0.012436189242976117,0.01595364663729908,0.030258450701713704,0.009427,22.545
Eva_28-10-24-19_41_56.wav,139.46845630018026,191.76524431100805,69.66103930730561,0.011855727174512106,8.51317441738389e-05,0.0058957647580430775,0.006242078796164229,0.017687294274129232,0.05855326062204066,0.6042820006991868,0.030802080110647098,0.037782142563260304,0.05008988837070449,0.0924062403319413,0.167011,10.326
Eva_28-10-24-19_42_20.wav,197.81348976075398,206.42482769717918,187.35118005321624,0.006435581942008326,3.2534371294152146e-05,0.003949500380033121,0.003637357717442984,0.011848501140099364,0.02784931789211214,0.2538210098018412,0.015767774974715404,0.017424209573378827,0.020299112496822855,0.04730332492414621,0.032648,16.913
Eva_28-10-24-19_42_47.wav,193.8185671623696,198.4768397228035,185.8487658439094,0.0039525015083332685,2.0392409406977318e-05,0.0023944380318011316,0.002176199218825347,0.007183314095403395,0.030910483683167782,0.272391484350211,0.0169957200126891,0.019428661886044498,0.022969555592593924,0.050987160038067296,0.018996,17.757
Eva_28-10-24-19_43_07.wav,195.5188012297191,212.14131889490582,98.61816466612544,0.004913275420447839,2.511392578032587e-05,0.0029342981015438854,0.0026240516545010142,0.008802894304631655,0.03331275969733167,0.4025910747182429,0.018542335433272227,0.02086376878333499,0.02465746230908439,0.05562700629981668,0.019810,18.330
Eva_28-10-24-19_43_30.wav,200.86274260967792,206.29378630123819,95.68936948006166,0.00328144541744114,1.633714789329368e-05,0.001935848005573961,0.0017677637346313105,0.005807544016721883,0.02482707782982028,0.21655801240431627,0.013790973293099772,0.01587217957574979,0.01847323947408556,0.041372919879299315,0.015482,19.333
Eva_28-10-24-19_44_17.wav,209.53251160791868,214.04714960571562,201.24543995029705,0.003221103534801994,1.5372625136237556e-05,0.0019444156966055416,0.0017538567362725519,0.005833247089816624,0.032278008707970034,0.28567144118255966,0.018125438556082573,0.020840549157839366,0.022885344643759492,0.054376315668247716,0.013783,19.249
Eva_28-10-24-19_45_02.wav,215.81167653013222,221.23533000266158,211.24038428361195,0.003081431452528456,1.4277321060050708e-05,0.0018327679968398077,0.0016973030966234014,0.005498303990519423,0.025014110831194723,0.22658518057227742,0.013965059109427797,0.01606134921631187,0.01818146269739554,0.04189517732828339,0.013338,19.690
Eva_28-10-24-19_45_24.wav,218.9677650913558,222.75279722622696,211.83326331425295,0.003074237446544713,1.4038363331493364e-05,0.0018561974102903416,0.0015984861005881599,0.005568592230871024,0.021687763676985765,0.18796235234937744,0.011961688394491679,0.013880802981197336,0.016356897659094097,0.035885065183475034,0.009004,21.409
Eva_28-10-24-19_45_46.wav,217.11221720756123,222.09881889449042,213.71337142548984,0.0032783462541494906,1.5099680065194077e-05,0.0020606959756452312,0.0016480325247059079,0.006182087926935694,0.02186009385255591,0.19051227524071773,0.012220094290909174,0.01386033205100005,0.015905215771903302,0.036660282872727525,0.012110,20.673
Eva_28-10-24-19_46_07.wav,217.5952379727051,221.55860711115014,213.58132825402922,0.0035781431336326863,1.6444024725403962e-05,0.0022255925553206373,0.0018587983909712914,0.006676777665961912,0.020303219192279627,0.1774785550646132,0.011261536999859564,0.012747508145206103,0.015263872851385607,0.03378461099957869,0.009591,21.394
Eva_29-10-24-01_13_32.wav,173.3366410882029,203.53001274669853,92.38762730457903,0.005174810533895893,2.9861304357237032e-05,0.0029699508690397094,0.0028023192146286106,0.008909852607119129,0.02397638254586383,0.2214189035382177,0.012879187000757067,0.015182059431181755,0.01992556859547696,0.0386375610022712,0.026787,18.164
Eva_29-10-24-01_13_59.wav,199.87576863268794,204.76309642539275,196.11450572569507,0.0037545980732263087,1.8785037313649733e-05,0.0021910925434005498,0.0021809832578614974,0.006573277630201649,0.020688125669056964,0.18078971662676524,0.011520584898694433,0.012819904467036012,0.01569372756809352,0.0345617546960833,0.012960,20.528
Eva_29-10-24-01_14_19.wav,182.44265818830067,212.50295413762944,86.99982129927282,0.0070924891895876585,3.88773624564095e-05,0.004230594102326338,0.004097996278502955,0.012691782306979014,0.03404626524522322,0.3022007834670729,0.01854786749348787,0.021287495128305946,0.026609604225899388,0.055643602480463614,0.029305,16.992
Eva_29-10-24-01_14_40.wav,187.64268479129376,204.47664671075916,86.45686598847445,0.006375429142386603,3.398207768074806e-05,0.003871127460536179,0.0038401115823441783,0.011613382381608537,0.02844127919120793,0.24922612986351134,0.015529668173803385,0.018357892106906668,0.02151982323524529,0.046589004521410154,0.024813,17.605
Eva_29-10-24-01_15_01.wav,185.1647452156355,202.009487096495,96.61971429891416,0.006684129101315418,3.6100290109692146e-05,0.003992071155476777,0.0037517703429074704,0.011976213466430331,0.028997293269308447,0.26647223342676657,0.016740567265891706,0.01774341732143407,0.020769876923489177,0.050221701797675114,0.026226,17.416
Eva_29-10-24-01_15_19.wav,193.1902205685169,205.37420894125748,80.8310391930051,0.009871607893652795,5.1139521053287024e-05,0.005990610425615621,0.005910761165727303,0.017971831276846865,0.03771640237863865,0.3390595753992801,0.02175507347277583,0.023756120781314508,0.027434055014071687,0.06526522041832748,0.068650,15.275
Eva_29-10-24-11_29_46.wav,149.79656638877626,158.8458265504482,75.07866179532152,0.004976331035291656,3.3153284121582746e-05,0.0027323931381440583,0.0023996973313848693,0.008197179414432175,0.030222371359162788,0.27019345538135353,0.0164329705372226,0.01821061344322884,0.022349452202725207,0.0492989116116678,0.034352,17.920
Eva_29-10-24-11_30_06.wav,140.75807494472758,170.50772321792633,67.66133079406104,0.0033264474356057023,2.3636982811237723e-05,0.0017414982515117276,0.0017714585413104661,0.005224494754535183,0.02200383862017413,0.21083917280209552,0.01201089060877491,0.014413694043421306,0.01743839152393243,0.03603267182632473,0.012115,20.958
Eva_29-10-24-11_30_25.wav,161.69612421903656,188.8659465146696,75.06295701105795,0.004318933580745271,2.6684994167033694e-05,0.0022922211250565134,0.002201651083346287,0.00687666337516954,0.024755195209698263,0.22669681831512434,0.013447952814280335,0.015537075659838643,0.019448907984028665,0.040343858442841,0.027765,19.742
Eva_29-10-24-11_30_46.wav,198.50793199303357,211.75722468201334,191.2225571864091,0.0027480026102602952,1.3843068124883113e-05,0.0016651816752201762,0.0015209399695457323,0.004995545025660528,0.024886784138394576,0.21656696140461426,0.014082295569629715,0.015601347476986488,0.018444882317077187,0.042246886708889146,0.009306,21.846
Eva_29-10-24-11_31_05.wav,201.22363624193673,207.0352192382201,157.81959850645603,0.0022205095583781136,1.1035544363510234e-05,0.0012552908471355618,0.0012499836380038289,0.0037658725414066855,0.013730159057247367,0.12088004697426186,0.006816362886113814,0.00917789491076151,0.01196761994477089,0.02044908865834144,0.005565,25.096
Eva_29-10-24-11_31_28.wav,206.33398539156627,212.73004862430065,194.53157845336602,0.0019820845803722687,9.60584834387228e-06,0.001136312538826699,0.0011524264104648674,0.003408937616480097,0.013091544969586887,0.11406546344930885,0.0066979913495353455,0.008580983949358507,0.01163884847520337,0.020093974048606036,0.005199,25.513
Eva_29-10-24-11_32_14.wav,157.74848477504563,198.6758519555134,79.97828516399471,0.0034410735757234813,2.182326128872625e-05,0.0019457602747311572,0.0018624034234026282,0.0058372808241934715,0.025071828685495453,0.2197095005124601,0.013890764363147018,0.015999661161632796,0.018792884169284752,0.04167229308944105,0.013657,20.502
Evelyn_13-10-24-00_12_41.wav,184.9537050586937,197.7386468477335,168.40889375441344,0.0025583498929370252,1.3832510473321415e-05,0.0013773072853144747,0.0014793844514672699,0.004131921855943424,0.03412527145566436,0.30744135057883004,0.018096673762253792,0.02157619116566005,0.026890540905572875,0.05429002128676137,0.011381,21.598
Evelyn_24-10-24-03_27_36.wav,173.4099679266594,180.55787459813655,160.74606442395557,0.002346221867579429,1.352848694626235e-05,0.0012670834179555372,0.001290962582179344,0.0038012502538666117,0.029571512082867454,0.26162450987005154,0.01635076041852716,0.01828081896794792,0.021713096369098538,0.049052281255581476,0.007657,22.949
Evelyn_28-10-24-01_23_13.wav,176.54725930663207,186.70193868867528,75.77378317564094,0.002215324334840713,1.2546906979530747e-05,0.0011096279869188778,0.0012086261766946847,0.0033288839607566335,0.02540050412957461,0.22566794700436124,0.013660171589280984,0.01579104424004759,0.019502837030224388,0.04098051476784295,0.011756,23.208
Evq_11-11-24-22_18_34.wav,147.71188730929043,158.36674915213723,134.82328406582516,0.006401046628410121,4.3356095058014414e-05,0.0036748972450061108,0.0031502305918232935,0.011024691735018332,0.03221759813029659,0.2793797481645282,0.017110236392558976,0.019386510583084715,0.025327100049654855,0.05133070917767693,0.041480,16.330
Evq_11-11-24-22_18_55.wav,158.07829136647732,185.23360646412783,76.55266929652242,0.004756589625170489,3.0104669724533062e-05,0.0027824502138671554,0.0026477624790642736,0.008347350641601466,0.026088824234599316,0.2441811620529766,0.01388742264920856,0.016341139141750487,0.021287538942899198,0.04166226794762568,0.027890,18.227
Evq_11-11-24-22_19_16.wav,168.12109115358828,176.78590634820586,159.44588698009824,0.005221632427561687,3.105753845559018e-05,0.003188084159124822,0.00272439762628202,0.009564252477374467,0.02165102654485263,0.18917624183186307,0.011707257073214013,0.01357859542754199,0.01714728453116696,0.03512177121964204,0.014497,20.072
Evq_11-11-24-22_19_36.wav,171.51803966362127,180.25091863991878,73.96460795721181,0.003951715643332991,2.3042670359250214e-05,0.002381329943478389,0.002071134791080756,0.007143989830435167,0.020953787128575804,0.18508451151581146,0.011490337241482091,0.013321305899023151,0.016460337614509157,0.03447101172444628,0.010739,21.271
Evq_11-11-24-22_20_54.wav,187.63150020530767,193.17119988012945,175.1261766784854,0.0037112884471823143,1.9779517103248253e-05,0.0022144735042571506,0.002041663718698344,0.006643420512771452,0.016891793392200684,0.14936548532267013,0.009260489194334826,0.010386274873107358,0.012758927681701514,0.02778146758300448,0.010250,22.218
Evq_11-11-24-22_21_19.wav,192.6747024528709,199.00897703295507,186.69794527900066,0.0032836229709294947,1.7042336487667903e-05,0.0019053303662912257,0.00174200101821836,0.005715991098873677,0.01885768995657012,0.16510331975484782,0.010415721746693073,0.011233512555624561,0.014630799058377726,0.03124716524007922,0.009057,22.559
Evq_11-11-24-22_21_39.wav,193.4827654996199,198.5801759753747,167.89225151494117,0.0034040642248929372,1.7593673538261147e-05,0.002022823210680652,0.0018276012686029256,0.006068469632041957,0.018028357407729925,0.15745717067798187,0.00951265280797419,0.011320859486078434,0.014583331153805787,0.028537958423922566,0.008936,22.666
Evq_11-11-24-22_21_59.wav,197.81987601813088,200.91653799398213,191.5115434945649,0.001661852660380852,8.400643570461726e-06,0.0009608841890611661,0.0009698887368768834,0.0028826525671834984,0.015407111091502473,0.13486564825798156,0.007950272153935244,0.009637052428842925,0.013127917858425691,0.023850816461805733,0.003380,26.451
Gabriel_06-11-24-02_35_43.wav,151.55924979217232,165.97168697760705,78.48648199906317,0.005073810013211572,3.3485898793741244e-05,0.002980355527544309,0.00266256617942327,0.008941066582632927,0.03784566725635924,0.3471429017008403,0.020659821461707528,0.024843315723108373,0.02698182916938127,0.061979464385122585,0.018698,19.549
Jennifer_06-11-24-03_54_35.wav,131.33471020574228,193.88753639713408,75.4988749069276,0.009438624309316114,7.182501549938908e-05,0.005170524544764875,0.005398029489929705,0.015511573634294624,0.03716942117502747,0.3517293551769991,0.01945212506985954,0.02386671194267048,0.03190661672808372,0.05835637520957862,0.054279,16.178
Jennifer_06-11-24-04_05_13.wav,117.8439052700118,188.301286206672,75.41016345475714,0.012893617565346483,0.00010945423503183792,0.007183550478506453,0.0076261592977141714,0.021550651435519357,0.05961903101604744,0.622875573289984,0.0308499587970402,0.03572742490176595,0.04846299834906703,0.09254987639112061,0.132356,11.546
Jennifer_06-11-24-13_07_57.wav,185.84574448162456,196.9214871574307,87.2838632671426,0.004297016782461897,2.3119907006708255e-05,0.002305025809505171,0.0025029778813290245,0.0069150774285155125,0.04776862200039608,0.4188277468250976,0.025810243149745424,0.03140749705605802,0.03608122566009126,0.07743072944923628,0.028926,17.419
Jennifer_07-11-24-22_24_03.wav,185.95763764835178,191.0000184435739,78.57606187227697,0.0069166788154232765,3.718075465564099e-05,0.004083277213958479,0.003983103162958668,0.012249831641875437,0.0637755447667808,0.5736298291686613,0.03528153069540936,0.039922163825394534,0.046585034514879296,0.10584459208622808,0.034416,15.938
Jennifer_09-11-24-03_49_50.wav,171.26523199401458,227.15515577928684,81.99680708592958,0.010362460331901654,6.0504420078802725e-05,0.005731594068710539,0.005847007999233043,0.017194782206131617,0.06031715472502739,0.5704788541169594,0.03178498736880302,0.037357632054552954,0.047272100219618036,0.09535496210640905,0.069708,15.289
Jennifer_09-11-24-04_50_08.wav,147.23472660797952,224.69066988472676,75.1749987303497,0.022241281157791913,0.00015123786151276727,0.011690228923712158,0.012576122104289447,0.03507068677113647,0.06843214196195777,0.6866475108991885,0.03506423024247709,0.043256304829815365,0.05679396002791796,0.10519269072743126,0.143538,11.160
Jennifer_09-11-24-16_10_12.wav,183.8445683622286,208.72729048623208,83.11837938406967,0.006216920381009428,3.380581901181495e-05,0.0033329801723545136,0.0033686813483549184,0.00999894051706354,0.11526239640699636,1.0387499065917174,0.06328466158208526,0.07151110729857293,0.07397435069588808,0.18985398474625578,0.106632,11.299
Jennifer_09-11-24-16_10_49.wav,184.64930638072786,214.28280890186247,84.38733533257678,0.006505428933739215,3.521553358659509e-05,0.0037303924147723483,0.0037152857214564163,0.011191177244317046,0.0843862877100471,0.76720269447574,0.04529631556093704,0.05254687178253585,0.05001015251511246,0.1358889466828111,0.064045,14.386
Jennifer_09-11-24-16_11_55.wav,198.64167930879188,225.81548991287443,87.47403985477116,0.00556053446833057,2.7989640385450193e-05,0.003203614222866179,0.003277231015912651,0.009610842668598537,0.06730511293490107,0.6236157664634371,0.03660708820700554,0.04281384147330891,0.049867290845974827,0.10982126462101663,0.042413,14.856
Jennifer_09-11-24-16_13_01.wav,182.1887978779877,204.5385089756999,80.72258709315834,0.006408911014599563,3.512425217165195e-05,0.00366671740382269,0.003646557640693405,0.01100015221146807,0.07363630898196394,0.6827663579663328,0.04236652069904591,0.045064624043082153,0.049614603535724396,0.12709956209713774,0.053400,14.619
JorgeGrados_16-10-24-18_21_04.wav,93.40874802681344,101.43786123863487,83.66707141478402,0.020528783520548027,0.0002197097518758634,0.012295427886600825,0.011890734233384603,0.036886283659802475,0.1611055328988611,1.4302482773009522,0.08446058939035392,0.10224830696978006,0.1275460185734214,0.2533817681710617,0.366651,5.453
Joséseto_09-11-24-11_34_59.wav,136.98201585980365,140.49482949482655,132.38232270265684,0.005966290296042722,4.3554422648174905e-05,0.0036461538095855514,0.0032924592356772656,0.010938461428756655,0.04619262308951244,0.42213343856306984,0.026453784781878632,0.02874092608888066,0.0328021216648774,0.0793613543456359,0.050819,14.968
Joséseto_09-11-24-11_35_19.wav,138.72127474785822,178.19391033633602,132.60427814531803,0.006525538967335683,4.7041634365248007e-05,0.0039602470767793,0.0034553045788971062,0.0118807412303379,0.0491068868402648,0.4436999456038687,0.028454244978969756,0.02953857059996826,0.032213382637816014,0.08536273493690927,0.043193,15.715
Joséseto_09-11-24-11_35_40.wav,141.2371674815109,160.30727049150494,134.73877860630668,0.005186812272585528,3.6725387546300855e-05,0.0030062536345174043,0.0029138392905515716,0.009018760903552213,0.06551268206161233,0.5998170458553851,0.03757304936158544,0.043264318054522743,0.04420892169741399,0.11271914808475632,0.044031,15.547
JoséSeto_09-11-24-11_36_25.wav,146.64997574755844,150.44116246561413,136.97336646675797,0.0039702493197187735,2.7071587111039763e-05,0.002368351916099324,0.0022123823213053254,0.007105055748297971,0.09385283079050619,0.8308110934604045,0.054929648466080006,0.060550243824286844,0.05701063648090776,0.16478894539824002,0.031290,16.131
JoséSeto_09-11-24-11_36_45.wav,151.13723180132243,157.80496914688038,137.78590362772303,0.004011546549483235,2.6540700939952927e-05,0.0023525752175956455,0.0023392524708443956,0.007057725652786936,0.07217521276237243,0.685262504105157,0.04116439005704176,0.0477283417341968,0.04602772824626101,0.1234931701711253,0.026662,16.824
JoséSeto_09-11-24-11_37_56.wav,159.4102436424453,174.35754330142677,151.0473506430422,0.0066834226485611836,4.19218555840403e-05,0.004014800489142428,0.004043826661905552,0.012044401467427284,0.04316707282240486,0.38299690459658675,0.02481417497397071,0.0274783667440202,0.029192900792287195,0.07444252492191214,0.024026,17.274
JoséSeto_09-11-24-11_38_18.wav,165.92441436893392,170.9692715960593,67.71998669196954,0.004150554126894238,2.500889128496389e-05,0.002312502842161469,0.0026425341958646624,0.0069375085264844075,0.06723010869757513,0.5935570697042145,0.03662647310043552,0.04823132029232969,0.04658596503513678,0.10987941930130657,0.016210,19.030
JoséSeto_09-11-24-11_38_56.wav,167.2256028214358,174.31477667479385,162.07984395122128,0.004325388113351642,2.5868628481475955e-05,0.002343486425064014,0.0029384580180198488,0.007030459275192042,0.08694691859765695,0.8450839498883284,0.04325152374992386,0.06214037558324926,0.055949973755158464,0.12975457124977158,0.066859,15.445
JuanCerna_07-11-24-00_21_00.wav,166.50629816360888,177.8837790135524,161.0451516485929,0.0023433751956763718,1.408238093424745e-05,0.0011812603502206207,0.0013062755920409729,0.003543781050661862,0.05674278800362793,0.5166302702706524,0.030241424298438877,0.041954810121042574,0.03882132631230453,0.09072427289531663,0.012769,20.891
JuanCerna_07-11-24-00_21_21.wav,173.64324722590965,181.92245594936858,165.67230120147914,0.0027097529251547373,1.560532656423184e-05,0.0014985407942182617,0.001481917936101828,0.004495622382654785,0.05850357774892816,0.523616957090092,0.03178365027403441,0.04062843041990332,0.038008602525488565,0.09535095082210324,0.012954,19.831
Karen_12-10-24-21_29_10.wav,189.9824448823621,230.2776662935479,175.1632025751681,0.0026532406854475332,1.3966819630752256e-05,0.001429138160936805,0.0015506667422737466,0.004287414482810415,0.02878473052103852,0.2480213686963584,0.015346520292790147,0.01806729749981831,0.02128968778273867,0.04603956087837044,0.011763,21.783
Karen_12-10-24-21_37_05.wav,183.71421087521497,193.24881992610275,178.311295127174,0.004956807646103422,2.6980354032445378e-05,0.0029445334108791185,0.002923597387975419,0.008833600232637356,0.04323697940216732,0.3912861327691892,0.02361373466901346,0.026776657492272753,0.03129178126015351,0.07084120400704039,0.017380,19.224
